1,Liam,1.370%,9864,,
2,Noah,1.084%,7804,,
3,Oliver,0.911%,6563,,
4,Elijah,0.806%,5803,,
5,James,0.799%,5756,,
6,William,0.654%,4709,,
7,Benjamin,0.651%,4690,,
8,Lucas,0.626%,4508,,
9,Henry,0.614%,4421,,
10,Theodore,0.595%,4281,,
11,Jack,0.585%,4213,,
12,Levi,0.490%,3531,,
13,Alexander,0.472%,3396,,
14,Jackson,0.450%,3238,,
15,Mateo,0.440%,3167,,
16,Daniel,0.424%,3053,,
17,Michael,0.421%,3033,,
18,Mason,0.406%,2925,,
19,Sebastian,0.397%,2859,,
20,Ethan,0.394%,2837,,
21,Logan,0.389%,2798,,
22,Owen,0.382%,2752,,
23,Samuel,0.373%,2684,,
24,Jacob,0.370%,2667,,
25,Asher,0.350%,2521,,
26,Aiden,0.344%,2474,,
27,John,0.316%,2272,,
28,Joseph,0.313%,2251,,
29,Wyatt,0.298%,2147,,
30,David,0.297%,2139,,
31,Leo,0.293%,2112,,
32,Luke,0.272%,1956,,
33,Julian,0.271%,1949,,
34,Hudson,0.261%,1879,,
35,Grayson,0.257%,1853,,
36,Matthew,0.246%,1775,,
37,Ezra,0.246%,1768,,
38,Gabriel,0.245%,1767,,
39,Carter,0.244%,1756,,
40,Isaac,0.243%,1752,,
41,Jayden,0.241%,1737,,
42,Luca,0.240%,1728,,
43,Anthony,0.238%,1716,,
44,Dylan,0.235%,1694,,
45,Lincoln,0.228%,1644,,
46,Thomas,0.219%,1579,,
47,Maverick,0.217%,1559,,
48,Elias,0.216%,1553,,
49,Josiah,0.211%,1522,,
50,Charles,0.211%,1521,,
51,Caleb,0.205%,1476,,
52,Christopher,0.202%,1457,,
53,Ezekiel,0.199%,1436,,
54,Miles,0.196%,1408,,
55,Jaxon,0.195%,1404,,
56,Isaiah,0.189%,1358,,
57,Andrew,0.187%,1349,,
58,Joshua,0.186%,1342,,
59,Nathan,0.185%,1332,,
60,Nolan,0.184%,1324,,
61,Adrian,0.182%,1312,,
62,Cameron,0.179%,1288,,
63,Santiago,0.175%,1259,,
64,Eli,0.173%,1245,,
65,Aaron,0.170%,1222,,
66,Ryan,0.170%,1220,,
67,Angel,0.164%,1184,,
68,Cooper,0.161%,1158,,
69,Waylon,0.161%,1156,,
70,Easton,0.157%,1134,,
71,Kai,0.156%,1124,,
72,Christian,0.156%,1122,,
73,Landon,0.155%,1119,,
74,Colton,0.150%,1080,,
75,Roman,0.149%,1069,,
76,Axel,0.148%,1064,,
77,Brooks,0.147%,1059,,
78,Jonathan,0.147%,1055,,
79,Robert,0.146%,1052,,
80,Jameson,0.146%,1049,,
81,Ian,0.142%,1020,,
82,Everett,0.141%,1016,,
83,Greyson,0.141%,1013,,
84,Wesley,0.141%,1012,,
85,Jeremiah,0.140%,1007,,
86,Hunter,0.139%,1000,,
87,Leonardo,0.138%,994,,
88,Jordan,0.136%,980,,
89,Jose,0.134%,962,,
90,Bennett,0.133%,954,,
91,Silas,0.132%,950,,
92,Nicholas,0.131%,945,,
93,Parker,0.129%,930,,
94,Beau,0.129%,930,,
95,Weston,0.129%,929,,
96,Austin,0.129%,928,,
97,Connor,0.129%,926,,
98,Carson,0.129%,926,,
99,Dominic,0.128%,920,,
100,Xavier,0.127%,917,,
101,Jaxson,0.126%,908,,
102,Jace,0.125%,899,,
103,Emmett,0.124%,895,,
104,Adam,0.124%,895,,
105,Declan,0.124%,892,,
106,Rowan,0.124%,891,,
107,Micah,0.123%,885,,
108,Kayden,0.123%,884,,
109,Gael,0.122%,882,,
110,River,0.122%,881,,
111,Ryder,0.120%,867,,
112,Kingston,0.120%,867,,
113,Damian,0.119%,859,,
114,Sawyer,0.118%,849,,
115,Luka,0.117%,842,,
116,Evan,0.117%,842,,
117,Vincent,0.115%,829,,
118,Legend,0.115%,826,,
119,Myles,0.113%,815,,
120,Harrison,0.113%,812,,
121,//,0.112%,809,,
122,Bryson,0.111%,801,,
123,Amir,0.111%,797,,
124,Giovanni,0.110%,795,,
125,Chase,0.110%,791,,
126,Diego,0.110%,789,,
127,Milo,0.109%,784,,
128,Jasper,0.108%,778,,
129,Walker,0.108%,778,,
130,Jason,0.107%,770,,
131,Brayden,0.106%,763,,
132,Cole,0.106%,761,,
133,Nathaniel,0.106%,761,,
134,George,0.105%,753,,
135,Lorenzo,0.104%,750,,
136,Zion,0.104%,747,,
137,Luis,0.104%,746,,
138,Archer,0.103%,744,,
139,Enzo,0.103%,743,,
140,Jonah,0.102%,738,,
141,Thiago,0.102%,731,,
142,Theo,0.101%,730,,
143,Ayden,0.101%,729,,
144,Zachary,0.100%,716,,
145,Calvin,0.099%,716,,
146,Braxton,0.099%,714,,
147,Ashton,0.099%,712,,
148,Rhett,0.097%,702,,
149,Atlas,0.096%,690,,
150,Jude,0.095%,685,,
151,Bentley,0.095%,683,,
152,Carlos,0.095%,682,,
153,Ryker,0.094%,676,,
154,Adriel,0.094%,675,,
155,Arthur,0.093%,670,,
156,Ace,0.092%,664,,
157,Tyler,0.092%,662,,
158,Jayce,0.092%,659,,
159,Max,0.091%,658,,
160,Elliot,0.091%,656,,
161,Graham,0.091%,653,,
162,Kaiden,0.091%,653,,
163,Maxwell,0.091%,653,,
164,Juan,0.090%,648,,
165,Dean,0.090%,647,,
166,Matteo,0.090%,647,,
167,Malachi,0.089%,644,,
168,Ivan,0.089%,640,,
169,Elliott,0.089%,640,,
170,Jesus,0.089%,639,,
171,Emiliano,0.088%,633,,
172,Messiah,0.088%,632,,
173,Gavin,0.087%,629,,
174,Maddox,0.087%,625,,
175,Camden,0.086%,620,,
176,Hayden,0.086%,620,,
177,Leon,0.086%,619,,
178,Antonio,0.086%,619,,
179,Justin,0.086%,617,,
180,Tucker,0.085%,615,,
181,Brandon,0.085%,614,,
182,Kevin,0.085%,614,,
183,Judah,0.085%,609,,
184,Finn,0.084%,604,,
185,King,0.082%,594,,
186,Brody,0.082%,594,,
187,Xander,0.082%,592,,
188,Nicolas,0.082%,591,,
189,Charlie,0.082%,588,,
190,Arlo,0.081%,584,,
191,Emmanuel,0.081%,583,,
192,Barrett,0.081%,581,,
193,Felix,0.080%,579,,
194,Alex,0.080%,577,,
195,Miguel,0.080%,576,,
196,Abel,0.080%,574,,
197,Alan,0.079%,571,,
198,Beckett,0.079%,568,,
199,Amari,0.078%,565,,
200,Karter,0.078%,564,,
201,Timothy,0.078%,561,,
202,Abraham,0.078%,560,,
203,Jesse,0.078%,559,,
204,Zayden,0.077%,557,,
205,Blake,0.077%,555,,
206,Alejandro,0.077%,554,,
207,Dawson,0.077%,554,,
208,Tristan,0.077%,552,,
209,Victor,0.077%,552,,
210,Avery,0.076%,548,,
211,Joel,0.076%,548,,
212,Grant,0.076%,546,,
213,Eric,0.076%,545,,
214,Patrick,0.076%,545,,
215,Peter,0.075%,542,,
216,Richard,0.075%,542,,
217,Edward,0.075%,541,,
218,Andres,0.075%,540,,
219,Emilio,0.075%,539,,
220,Colt,0.075%,538,,
221,Knox,0.075%,537,,
222,Beckham,0.074%,536,,
223,Adonis,0.074%,531,,
224,Kyrie,0.074%,531,,
225,Matias,0.074%,530,,
226,Oscar,0.074%,530,,
227,Lukas,0.073%,528,,
228,Marcus,0.073%,527,,
229,Hayes,0.073%,526,,
230,Caden,0.073%,526,,
231,Remington,0.073%,525,,
232,Griffin,0.073%,524,,
233,Nash,0.072%,521,,
234,Israel,0.072%,520,,
235,Steven,0.072%,519,,
236,Holden,0.072%,517,,
237,Rafael,0.072%,516,,
238,Zane,0.071%,515,,
239,Jeremy,0.071%,514,,
240,Kash,0.071%,513,,
241,Preston,0.071%,509,,
242,Kyler,0.070%,506,,
243,Jax,0.070%,505,,
244,Jett,0.070%,505,,
245,Kaleb,0.070%,503,,
246,Riley,0.069%,496,,
247,Simon,0.069%,495,,
248,Phoenix,0.069%,493,,
249,Javier,0.068%,491,,
250,Bryce,0.068%,489,,
251,Louis,0.068%,487,,
252,Mark,0.068%,487,,
253,Cash,0.067%,483,,
254,Lennox,0.067%,482,,
255,Paxton,0.067%,481,,
256,Malakai,0.067%,481,,
257,Paul,0.067%,479,,
258,Kenneth,0.066%,479,,
259,Nico,0.066%,475,,
260,Kaden,0.065%,471,,
261,Lane,0.065%,471,,
262,Kairo,0.065%,471,,
263,Maximus,0.065%,468,,
264,Omar,0.065%,468,,
265,Finley,0.065%,467,,
266,Atticus,0.065%,467,,
267,Crew,0.064%,464,,
268,Brantley,0.064%,464,,
269,Colin,0.064%,460,,
270,Dallas,0.064%,458,,
271,Walter,0.063%,453,,
272,Brady,0.063%,452,,
273,Callum,0.063%,451,,
274,Ronan,0.062%,450,,
275,Hendrix,0.062%,450,,
276,Jorge,0.062%,449,,
277,Tobias,0.062%,448,,
278,Clayton,0.062%,447,,
279,Emerson,0.062%,447,,
280,Damien,0.062%,446,,
281,Zayn,0.062%,445,,
282,Malcolm,0.062%,444,,
283,Kayson,0.061%,442,,
284,Bodhi,0.061%,440,,
285,Bryan,0.061%,438,,
286,Aidan,0.060%,435,,
287,Cohen,0.060%,434,,
288,Brian,0.060%,434,,
289,Cayden,0.060%,431,,
290,Andre,0.059%,428,,
291,Niko,0.059%,428,,
292,Maximiliano,0.059%,427,,
293,Zander,0.059%,425,,
294,Khalil,0.059%,424,,
295,Rory,0.059%,424,,
296,Francisco,0.059%,424,,
297,Cruz,0.059%,424,,
298,Kobe,0.059%,422,,
299,Reid,0.059%,422,,
300,Daxton,0.058%,420,,
301,Derek,0.058%,420,,
302,Martin,0.058%,418,,
303,Jensen,0.058%,417,,
304,Karson,0.058%,417,,
305,Tate,0.058%,414,,
306,Muhammad,0.057%,412,,
307,Jaden,0.057%,412,,
308,Joaquin,0.057%,411,,
309,Josue,0.057%,411,,
310,Gideon,0.057%,411,,
311,Dante,0.057%,410,,
312,Cody,0.057%,409,,
313,Bradley,0.057%,408,,
314,Orion,0.056%,404,,
315,Spencer,0.056%,403,,
316,Angelo,0.055%,398,,
317,Erick,0.055%,397,,
318,Jaylen,0.055%,393,,
319,Julius,0.054%,392,,
320,Manuel,0.054%,392,,
321,Ellis,0.054%,391,,
322,Colson,0.054%,391,,
323,Cairo,0.054%,388,,
324,Gunner,0.054%,386,,
325,Wade,0.054%,386,,
326,Chance,0.053%,384,,
327,Odin,0.053%,379,,
328,Anderson,0.053%,379,,
329,Kane,0.053%,378,,
330,Raymond,0.053%,378,,
331,Cristian,0.052%,375,,
332,Aziel,0.052%,374,,
333,Prince,0.052%,373,,
334,Ezequiel,0.052%,373,,
335,Jake,0.052%,372,,
336,Otto,0.052%,371,,
337,Eduardo,0.051%,370,,
338,Rylan,0.051%,369,,
339,Ali,0.051%,369,,
340,Cade,0.051%,368,,
341,Stephen,0.051%,367,,
342,Ari,0.051%,366,,
343,Kameron,0.051%,366,,
344,Dakota,0.051%,365,,
345,Warren,0.051%,364,,
346,Ricardo,0.050%,363,,
347,Killian,0.050%,362,,
348,Mario,0.050%,362,,
349,Romeo,0.050%,361,,
350,Cyrus,0.050%,361,,
351,Ismael,0.050%,360,,
352,Russell,0.050%,358,,
353,Tyson,0.050%,358,,
354,Edwin,0.050%,358,,
355,Desmond,0.049%,356,,
356,Nasir,0.049%,356,,
357,Remy,0.049%,355,,
358,Tanner,0.049%,353,,
359,Fernando,0.049%,353,,
360,Hector,0.049%,352,,
361,Titus,0.049%,351,,
362,Lawson,0.049%,350,,
363,Sean,0.048%,349,,
364,Kyle,0.048%,348,,
365,Elian,0.048%,348,,
366,Corbin,0.048%,347,,
367,Bowen,0.048%,344,,
368,Wilder,0.048%,343,,
369,Armani,0.047%,341,,
370,Royal,0.047%,340,,
371,Stetson,0.047%,340,,
372,Briggs,0.047%,339,,
373,Sullivan,0.047%,339,,
374,Leonel,0.047%,339,,
375,Callan,0.047%,338,,
376,Finnegan,0.047%,338,,
377,Jay,0.047%,338,,
378,Zayne,0.047%,337,,
379,Marshall,0.047%,336,,
380,Kade,0.047%,336,,
381,Travis,0.047%,335,,
382,Sterling,0.047%,335,,
383,Raiden,0.047%,335,,
384,Sergio,0.047%,335,,
385,Tatum,0.046%,335,,
386,Cesar,0.046%,333,,
387,Zyaire,0.046%,332,,
388,Milan,0.046%,332,,
389,Devin,0.046%,331,,
390,Gianni,0.046%,331,,
391,Kamari,0.046%,331,,
392,Royce,0.046%,329,,
393,Malik,0.046%,328,,
394,Jared,0.045%,327,,
395,Franklin,0.045%,326,,
396,Clark,0.045%,325,,
397,Noel,0.045%,325,,
398,Marco,0.045%,325,,
399,Archie,0.045%,324,,
400,Apollo,0.045%,322,,
401,Pablo,0.045%,321,,
402,Garrett,0.045%,321,,
403,Oakley,0.044%,320,,
404,Memphis,0.044%,320,,
405,Quinn,0.044%,319,,
406,Onyx,0.044%,318,,
407,Alijah,0.044%,318,,
408,Baylor,0.044%,318,,
409,Edgar,0.044%,317,,
410,Nehemiah,0.044%,316,,
411,Winston,0.044%,316,,
412,Major,0.044%,316,,
413,Rhys,0.044%,316,,
414,Forrest,0.044%,316,,
415,Jaiden,0.044%,316,,
416,Reed,0.044%,315,,
417,Santino,0.044%,315,,
418,Troy,0.044%,314,,
419,Caiden,0.044%,314,,
420,Harvey,0.043%,313,,
421,Collin,0.043%,311,,
422,Solomon,0.043%,311,,
423,Donovan,0.043%,311,,
424,Damon,0.043%,311,,
425,Jeffrey,0.043%,310,,
426,Kason,0.043%,308,,
427,Sage,0.043%,308,,
428,Grady,0.043%,307,,
429,Kendrick,0.043%,307,,
430,Leland,0.042%,304,,
431,Luciano,0.042%,304,,
432,Pedro,0.042%,304,,
433,Hank,0.042%,303,,
434,Hugo,0.042%,303,,
435,Esteban,0.042%,303,,
436,Johnny,0.042%,303,,
437,Kashton,0.042%,302,,
438,Ronin,0.042%,302,,
439,Ford,0.042%,301,,
440,Mathias,0.042%,301,,
441,Porter,0.042%,301,,
442,Erik,0.042%,300,,
443,Johnathan,0.042%,299,,
444,Frank,0.041%,299,,
445,Tripp,0.041%,298,,
446,Casey,0.041%,298,,
447,Fabian,0.041%,298,,
448,Leonidas,0.041%,297,,
449,Baker,0.041%,297,,
450,Matthias,0.041%,295,,
451,Philip,0.041%,295,,
452,Jayceon,0.041%,294,,
453,Kian,0.041%,293,,
454,Saint,0.041%,293,,
455,Ibrahim,0.041%,292,,
456,Jaxton,0.041%,292,,
457,Augustus,0.040%,291,,
458,Callen,0.040%,291,,
459,Trevor,0.040%,290,,
460,Ruben,0.040%,290,,
461,Adan,0.040%,290,,
462,Conor,0.040%,290,,
463,Dax,0.040%,289,,
464,Braylen,0.040%,288,,
465,Kaison,0.040%,288,,
466,Francis,0.040%,287,,
467,Kyson,0.040%,287,,
468,Andy,0.040%,287,,
469,Lucca,0.040%,285,,
470,Mack,0.039%,284,,
471,Peyton,0.039%,284,,
472,Alexis,0.039%,283,,
473,Deacon,0.039%,283,,
474,Kasen,0.039%,283,,
475,Kamden,0.039%,283,,
476,Frederick,0.039%,282,,
477,Princeton,0.039%,282,,
478,Braylon,0.039%,282,,
479,Wells,0.039%,282,,
480,Nikolai,0.039%,281,,
481,Iker,0.039%,281,,
482,Bo,0.039%,281,,
483,Dominick,0.039%,280,,
484,Moshe,0.039%,280,,
485,Cassius,0.038%,277,,
486,Gregory,0.038%,276,,
487,Lewis,0.038%,276,,
488,Kieran,0.038%,276,,
489,Isaias,0.038%,274,,
490,Seth,0.038%,274,,
491,Marcos,0.038%,274,,
492,Omari,0.038%,274,,
493,Shane,0.038%,274,,
494,Keegan,0.038%,274,,
495,Jase,0.038%,273,,
496,Asa,0.038%,272,,
497,Sonny,0.038%,272,,
498,Uriel,0.038%,272,,
499,Pierce,0.038%,272,,
500,Jasiah,0.038%,270,,
501,Eden,0.037%,270,,
502,Rocco,0.037%,270,,
503,Banks,0.037%,269,,
504,Cannon,0.037%,269,,
505,Denver,0.037%,268,,
506,Zaiden,0.037%,268,,
507,Roberto,0.037%,267,,
508,Shawn,0.037%,267,,
509,Drew,0.037%,267,,
510,Emanuel,0.037%,267,,
511,Kolton,0.037%,267,,
512,Ayaan,0.037%,266,,
513,Ares,0.037%,264,,
514,Conner,0.037%,263,,
515,Jalen,0.036%,263,,
516,Alonzo,0.036%,263,,
517,Enrique,0.036%,262,,
518,Dalton,0.036%,261,,
519,Moses,0.036%,260,,
520,Koda,0.036%,260,,
521,Bodie,0.036%,260,,
522,Jamison,0.036%,259,,
523,Phillip,0.036%,259,,
524,Zaire,0.036%,259,,
525,Jonas,0.036%,258,,
526,Kylo,0.036%,258,,
527,Moises,0.036%,258,,
528,Shepherd,0.036%,258,,
529,Allen,0.036%,257,,
530,Kenzo,0.036%,257,,
531,Mohamed,0.036%,257,,
532,Keanu,0.036%,257,,
533,Dexter,0.036%,256,,
534,Conrad,0.036%,256,,
535,Bruce,0.035%,255,,
536,Sylas,0.035%,255,,
537,Soren,0.035%,252,,
538,Raphael,0.035%,251,,
539,Rowen,0.035%,250,,
540,Gunnar,0.035%,249,,
541,Sutton,0.035%,249,,
542,Quentin,0.035%,249,,
543,Jaziel,0.035%,249,,
544,Emmitt,0.035%,249,,
545,Makai,0.035%,248,,
546,Koa,0.034%,248,,
547,Maximilian,0.034%,248,,
548,Brixton,0.034%,247,,
549,Dariel,0.034%,247,,
550,Zachariah,0.034%,246,,
551,Roy,0.034%,246,,
552,Armando,0.034%,246,,
553,Corey,0.034%,246,,
554,Saul,0.034%,245,,
555,Izaiah,0.034%,245,,
556,Danny,0.034%,245,,
557,Davis,0.034%,244,,
558,Ridge,0.034%,243,,
559,Yusuf,0.034%,242,,
560,Ariel,0.034%,242,,
561,Valentino,0.034%,242,,
562,Jayson,0.034%,242,,
563,Ronald,0.033%,241,,
564,Albert,0.033%,240,,
565,Gerardo,0.033%,240,,
566,Ryland,0.033%,240,,
567,Dorian,0.033%,240,,
568,Drake,0.033%,239,,
569,Gage,0.033%,237,,
570,Rodrigo,0.033%,237,,
571,Hezekiah,0.033%,236,,
572,Kylan,0.033%,236,,
573,Boone,0.033%,235,,
574,Ledger,0.033%,235,,
575,Santana,0.033%,235,,
576,Jamari,0.033%,234,,
577,Jamir,0.032%,233,,
578,Lawrence,0.032%,232,,
579,Reece,0.032%,232,,
580,Kaysen,0.032%,232,,
581,Shiloh,0.032%,232,,
582,Arjun,0.032%,232,,
583,Marcelo,0.032%,232,,
584,Abram,0.032%,232,,
585,Benson,0.032%,231,,
586,Huxley,0.032%,231,,
587,Nikolas,0.032%,231,,
588,Zain,0.032%,230,,
589,Kohen,0.032%,230,,
590,Samson,0.032%,230,,
591,Miller,0.032%,230,,
592,Donald,0.032%,230,,
593,Finnley,0.032%,230,,
594,Kannon,0.032%,230,,
595,Lucian,0.032%,229,,
596,Watson,0.032%,229,,
597,Keith,0.032%,228,,
598,Westin,0.032%,228,,
599,Tadeo,0.032%,228,,
600,Sincere,0.032%,228,,
601,Boston,0.032%,227,,
602,Axton,0.032%,227,,
603,Amos,0.032%,227,,
604,Chandler,0.032%,227,,
605,Leandro,0.032%,227,,
606,Raul,0.031%,226,,
607,Scott,0.031%,226,,
608,Reign,0.031%,226,,
609,Alessandro,0.031%,226,,
610,Camilo,0.031%,224,,
611,Derrick,0.031%,224,,
612,Morgan,0.031%,224,,
613,Julio,0.031%,223,,
614,Clay,0.031%,223,,
615,Edison,0.031%,223,,
616,Jaime,0.031%,223,,
617,Augustine,0.031%,223,,
618,Julien,0.031%,223,,
619,Zeke,0.031%,222,,
620,Marvin,0.031%,222,,
621,Bellamy,0.031%,221,,
622,Landen,0.031%,221,,
623,Dustin,0.031%,220,,
624,Jamie,0.030%,219,,
625,Krew,0.030%,219,,
626,Kyree,0.030%,219,,
627,Colter,0.030%,218,,
628,Johan,0.030%,218,,
629,Houston,0.030%,218,,
630,Layton,0.030%,217,,
631,Quincy,0.030%,217,,
632,Case,0.030%,217,,
633,Atreus,0.030%,217,,
634,Cayson,0.030%,217,,
635,Aarav,0.030%,217,,
636,Darius,0.030%,216,,
637,Harlan,0.030%,216,,
638,Justice,0.030%,215,,
639,Abdiel,0.030%,215,,
640,Layne,0.030%,215,,
641,Raylan,0.030%,214,,
642,Arturo,0.030%,214,,
643,Taylor,0.030%,214,,
644,Anakin,0.030%,213,,
645,Ander,0.030%,213,,
646,Hamza,0.030%,213,,
647,Otis,0.030%,213,,
648,Azariah,0.029%,212,,
649,Leonard,0.029%,212,,
650,Colby,0.029%,212,,
651,Duke,0.029%,212,,
652,Flynn,0.029%,211,,
653,Trey,0.029%,211,,
654,Gustavo,0.029%,211,,
655,Fletcher,0.029%,211,,
656,Issac,0.029%,210,,
657,Sam,0.029%,210,,
658,Trenton,0.029%,210,,
659,Callahan,0.029%,210,,
660,Chris,0.029%,209,,
661,Mohammad,0.029%,209,,
662,Rayan,0.029%,209,,
663,Lionel,0.029%,208,,
664,Bruno,0.029%,208,,
665,Jaxxon,0.029%,207,,
666,Zaid,0.029%,207,,
667,Brycen,0.029%,207,,
668,Roland,0.029%,206,,
669,Dillon,0.029%,206,,
670,Lennon,0.029%,206,,
671,Ambrose,0.029%,205,,
672,Rio,0.029%,205,,
673,Mac,0.028%,205,,
674,Ahmed,0.028%,205,,
675,Samir,0.028%,205,,
676,Yosef,0.028%,205,,
677,Tru,0.028%,205,,
678,Creed,0.028%,204,,
679,Tony,0.028%,204,,
680,Alden,0.028%,204,,
681,Aden,0.028%,204,,
682,Alec,0.028%,204,,
683,Carmelo,0.028%,204,,
684,Dario,0.028%,203,,
685,Marcel,0.028%,203,,
686,Roger,0.028%,203,,
687,Ty,0.028%,202,,
688,Ahmad,0.028%,202,,
689,Emir,0.028%,202,,
690,Landyn,0.028%,202,,
691,Skyler,0.028%,201,,
692,Mohammed,0.028%,201,,
693,Dennis,0.028%,201,,
694,Kareem,0.028%,201,,
695,Nixon,0.028%,200,,
696,Rex,0.028%,200,,
697,Uriah,0.028%,199,,
698,Lee,0.028%,199,,
699,Louie,0.028%,199,,
700,Rayden,0.028%,199,,
701,Reese,0.028%,199,,
702,Alberto,0.028%,199,,
703,Cason,0.028%,199,,
704,Quinton,0.028%,198,,
705,Kingsley,0.028%,198,,
706,Chaim,0.027%,198,,
707,Alfredo,0.027%,198,,
708,Mauricio,0.027%,197,,
709,Caspian,0.027%,197,,
710,Legacy,0.027%,197,,
711,Ocean,0.027%,197,,
712,Ozzy,0.027%,197,,
713,Briar,0.027%,197,,
714,Wilson,0.027%,197,,
715,Forest,0.027%,197,,
716,Grey,0.027%,196,,
717,Joziah,0.027%,196,,
718,Salem,0.027%,196,,
719,Neil,0.027%,196,,
720,Remi,0.027%,195,,
721,Bridger,0.027%,195,,
722,Harry,0.027%,194,,
723,Jefferson,0.027%,194,,
724,Lachlan,0.027%,194,,
725,Nelson,0.027%,194,,
726,Casen,0.027%,194,,
727,Salvador,0.027%,194,,
728,Magnus,0.027%,194,,
729,Tommy,0.027%,194,,
730,Marcellus,0.027%,194,,
731,Maximo,0.027%,193,,
732,Jerry,0.027%,193,,
733,Clyde,0.027%,192,,
734,Aron,0.027%,192,,
735,Keaton,0.027%,192,,
736,Eliam,0.027%,191,,
737,Lian,0.027%,191,,
738,Trace,0.027%,191,,
739,Douglas,0.026%,191,,
740,Junior,0.026%,191,,
741,Titan,0.026%,190,,
742,Cullen,0.026%,190,,
743,Cillian,0.026%,190,,
744,Musa,0.026%,189,,
745,Mylo,0.026%,188,,
746,Hugh,0.026%,188,,
747,Tomas,0.026%,187,,
748,Vincenzo,0.026%,187,,
749,Westley,0.026%,187,,
750,Langston,0.026%,187,,
751,Byron,0.026%,187,,
752,Kiaan,0.026%,186,,
753,Loyal,0.026%,186,,
754,Orlando,0.026%,186,,
755,Kyro,0.026%,185,,
756,Amias,0.026%,184,,
757,Amiri,0.026%,184,,
758,Jimmy,0.026%,184,,
759,Vicente,0.025%,184,,
760,Khari,0.025%,183,,
761,Brendan,0.025%,183,,
762,Rey,0.025%,183,,
763,Ben,0.025%,182,,
764,Emery,0.025%,182,,
765,Zyair,0.025%,181,,
766,Bjorn,0.025%,181,,
767,Evander,0.025%,181,,
768,Ramon,0.025%,181,,
769,Alvin,0.025%,181,,
770,Ricky,0.025%,181,,
771,Jagger,0.025%,181,,
772,Brock,0.025%,180,,
773,Dakari,0.025%,180,,
774,Eddie,0.025%,179,,
775,Blaze,0.025%,179,,
776,Gatlin,0.025%,179,,
777,Alonso,0.025%,179,,
778,Curtis,0.025%,179,,
779,Kylian,0.025%,179,,
780,Nathanael,0.025%,178,,
781,Devon,0.025%,178,,
782,Wayne,0.025%,178,,
783,Zakai,0.025%,178,,
784,Mathew,0.025%,177,,
785,Rome,0.025%,177,,
786,Riggs,0.025%,177,,
787,Aryan,0.025%,177,,
788,Avi,0.025%,177,,
789,Hassan,0.025%,177,,
790,Lochlan,0.025%,176,,
791,Stanley,0.024%,176,,
792,Dash,0.024%,176,,
793,Kaiser,0.024%,176,,
794,Benicio,0.024%,176,,
795,Bryant,0.024%,175,,
796,Talon,0.024%,175,,
797,Rohan,0.024%,175,,
798,Wesson,0.024%,175,,
799,Joe,0.024%,175,,
800,Noe,0.024%,175,,
801,Melvin,0.024%,175,,
802,Vihaan,0.024%,174,,
803,Zayd,0.024%,174,,
804,Darren,0.024%,174,,
805,Enoch,0.024%,174,,
806,Mitchell,0.024%,174,,
807,Jedidiah,0.024%,174,,
808,Brodie,0.024%,174,,
809,Castiel,0.024%,173,,
810,Ira,0.024%,173,,
811,Lance,0.024%,172,,
812,Guillermo,0.024%,172,,
813,Thatcher,0.024%,172,,
814,Ermias,0.024%,172,,
815,Misael,0.024%,172,,
816,Jakari,0.024%,172,,
817,Emory,0.024%,171,,
818,Mccoy,0.024%,171,,
819,Rudy,0.024%,171,,
820,Thaddeus,0.024%,171,,
821,Valentin,0.024%,170,,
822,Yehuda,0.024%,170,,
823,Bode,0.023%,169,,
824,Madden,0.023%,169,,
825,Kase,0.023%,169,,
826,Bear,0.023%,169,,
827,Boden,0.023%,169,,
828,Jiraiya,0.023%,168,,
829,Maurice,0.023%,168,,
830,Alvaro,0.023%,168,,
831,Ameer,0.023%,168,,
832,Demetrius,0.023%,168,,
833,Eliseo,0.023%,167,,
834,Kabir,0.023%,167,,
835,Kellan,0.023%,167,,
836,Allan,0.023%,167,,
837,Azrael,0.023%,167,,
838,Calum,0.023%,166,,
839,Niklaus,0.023%,166,,
840,Ray,0.023%,166,,
841,Damari,0.023%,166,,
842,Elio,0.023%,166,,
843,Jon,0.023%,166,,
844,Leighton,0.023%,166,,
845,Axl,0.023%,165,,
846,Dane,0.023%,165,,
847,Eithan,0.023%,164,,
848,Eugene,0.023%,164,,
849,Kenji,0.023%,164,,
850,Jakob,0.023%,164,,
851,Colten,0.023%,164,,
852,Eliel,0.023%,163,,
853,Nova,0.023%,163,,
854,Santos,0.023%,163,,
855,Zahir,0.023%,163,,
856,Idris,0.023%,163,,
857,Ishaan,0.023%,163,,
858,Kole,0.023%,163,,
859,Korbin,0.023%,163,,
860,Seven,0.023%,162,,
861,Alaric,0.023%,162,,
862,Kellen,0.023%,162,,
863,Bronson,0.023%,162,,
864,Franco,0.022%,162,,
865,Wes,0.022%,161,,
866,Larry,0.022%,161,,
867,Mekhi,0.022%,161,,
868,Jamal,0.022%,161,,
869,Dilan,0.022%,161,,
870,Elisha,0.022%,161,,
871,Brennan,0.022%,161,,
872,Kace,0.022%,161,,
873,Van,0.022%,160,,
874,Felipe,0.022%,160,,
875,Fisher,0.022%,160,,
876,Cal,0.022%,160,,
877,Dior,0.022%,160,,
878,Judson,0.022%,160,,
879,Alfonso,0.022%,160,,
880,Deandre,0.022%,160,,
881,Rocky,0.022%,160,,
882,Henrik,0.022%,159,,
883,Reuben,0.022%,159,,
884,Anders,0.022%,159,,
885,Arian,0.022%,159,,
886,Damir,0.022%,159,,
887,Jacoby,0.022%,158,,
888,Khalid,0.022%,158,,
889,Kye,0.022%,158,,
890,Mustafa,0.022%,158,,
891,Jadiel,0.022%,157,,
892,Stefan,0.022%,157,,
893,Yousef,0.022%,157,,
894,Aydin,0.022%,156,,
895,Jericho,0.022%,156,,
896,Robin,0.022%,156,,
897,Wallace,0.022%,156,,
898,Alistair,0.022%,156,,
899,Davion,0.022%,156,,
900,Alfred,0.022%,155,,
901,Ernesto,0.022%,155,,
902,Kyng,0.021%,155,,
903,Everest,0.021%,155,,
904,Gary,0.021%,155,,
905,Leroy,0.021%,154,,
906,Yahir,0.021%,154,,
907,Braden,0.021%,154,,
908,Kelvin,0.021%,154,,
909,Kristian,0.021%,154,,
910,Adler,0.021%,153,,
911,Avyaan,0.021%,153,,
912,Brayan,0.021%,153,,
913,Jones,0.021%,153,,
914,Truett,0.021%,153,,
915,Aries,0.021%,153,,
916,Joey,0.021%,153,,
917,Randy,0.021%,153,,
918,Jaxx,0.021%,153,,
919,Jesiah,0.021%,152,,
920,Jovanni,0.021%,152,,
921,Azriel,0.021%,152,,
922,Brecken,0.021%,152,,
923,Harley,0.021%,152,,
924,Zechariah,0.021%,152,,
925,Gordon,0.021%,152,,
926,Jakai,0.021%,152,,
927,Carl,0.021%,152,,
928,Graysen,0.021%,151,,
929,Kylen,0.021%,151,,
930,Ayan,0.021%,151,,
931,Branson,0.021%,151,,
932,Crosby,0.021%,150,,
933,Dominik,0.021%,150,,
934,Jabari,0.021%,150,,
935,Jaxtyn,0.021%,150,,
936,Kristopher,0.021%,149,,
937,Ulises,0.021%,149,,
938,Zyon,0.021%,149,,
939,Fox,0.021%,149,,
940,Howard,0.021%,149,,
941,Salvatore,0.021%,149,,
942,Turner,0.021%,149,,
943,Vance,0.021%,148,,
944,Harlem,0.021%,148,,
945,Jair,0.021%,148,,
946,Jakobe,0.021%,148,,
947,Jeremias,0.021%,148,,
948,Osiris,0.021%,148,,
949,Azael,0.021%,148,,
950,Bowie,0.021%,148,,
951,Canaan,0.020%,148,,
952,Elon,0.020%,147,,
953,Granger,0.020%,147,,
954,Karsyn,0.020%,147,,
955,Zavier,0.020%,147,,
956,Cain,0.020%,147,,
957,Dangelo,0.020%,147,,
958,Heath,0.020%,146,,
959,Yisroel,0.020%,146,,
960,Gian,0.020%,146,,
961,Shepard,0.020%,146,,
962,Harold,0.020%,146,,
963,Kamdyn,0.020%,146,,
964,Rene,0.020%,146,,
965,Rodney,0.020%,146,,
966,Yaakov,0.020%,146,,
967,Adrien,0.020%,146,,
968,Kartier,0.020%,145,,
969,Cassian,0.020%,145,,
970,Coleson,0.020%,145,,
971,Ahmir,0.020%,145,,
972,Darian,0.020%,144,,
973,Genesis,0.020%,144,,
974,Kalel,0.020%,144,,
975,Agustin,0.020%,144,,
976,Wylder,0.020%,144,,
977,Yadiel,0.020%,144,,
978,Ephraim,0.020%,144,,
979,Kody,0.020%,144,,
980,Neo,0.020%,143,,
981,Ignacio,0.020%,143,,
982,Osman,0.020%,143,,
983,Aldo,0.020%,143,,
984,Abdullah,0.020%,143,,
985,Cory,0.020%,143,,
986,Blaine,0.020%,143,,
987,Dimitri,0.020%,143,,
988,Khai,0.020%,142,,
989,Landry,0.020%,142,,
990,Palmer,0.020%,142,,
991,Benedict,0.020%,142,,
992,Leif,0.020%,142,,
993,Koen,0.020%,142,,
994,Maxton,0.020%,142,,
995,Mordechai,0.020%,142,,
996,Zev,0.020%,141,,
997,Atharv,0.020%,141,,
998,Bishop,0.020%,141,,
999,Blaise,0.020%,141,,
1000,Davian,0.020%,141,,
