1,Olivia,1.370%,10351,,,
2,Emma,1.084%,8189,,,
3,Charlotte,0.911%,6886,,,
4,Amelia,0.806%,6089,,,
5,Ava,0.799%,6040,,,
6,Sophia,0.654%,4941,,,
7,Isabella,0.651%,4921,,,
8,Mia,0.626%,4730,,,
9,Evelyn,0.614%,4639,,,
10,Harper,0.595%,4492,,,
11,Luna,0.585%,4420,,,
12,Camila,0.490%,3705,,,
13,Gianna,0.472%,3563,,,
14,Elizabeth,0.450%,3398,,,
15,Eleanor,0.440%,3323,,,
16,Ella,0.424%,3204,,,
17,Abigail,0.421%,3183,,,
18,Sofia,0.406%,3069,,,
19,Avery,0.397%,3000,,,
20,Scarlett,0.394%,2977,,,
21,Emily,0.389%,2936,,,
22,Aria,0.382%,2888,,,
23,Penelope,0.373%,2816,,,
24,Chloe,0.370%,2798,,,
25,Layla,0.350%,2645,,,
26,Mila,0.344%,2596,,,
27,Nora,0.316%,2384,,,
28,Hazel,0.313%,2362,,,
29,Madison,0.298%,2253,,,
30,Ellie,0.297%,2245,,,
31,Lily,0.293%,2216,,,
32,Nova,0.272%,2053,,,
33,Isla,0.271%,2045,,,
34,Grace,0.261%,1972,,,
35,Violet,0.257%,1945,,,
36,Aurora,0.246%,1862,,,
37,Riley,0.246%,1855,,,
38,Zoey,0.245%,1854,,,
39,Willow,0.244%,1842,,,
40,Emilia,0.243%,1839,,,
41,Stella,0.241%,1823,,,
42,Zoe,0.240%,1813,,,
43,Victoria,0.238%,1801,,,
44,Hannah,0.235%,1778,,,
45,Addison,0.228%,1725,,,
46,Leah,0.219%,1657,,,
47,Lucy,0.217%,1636,,,
48,Eliana,0.216%,1629,,,
49,Ivy,0.211%,1597,,,
50,Everly,0.211%,1596,,,
51,Lillian,0.205%,1549,,,
52,Paisley,0.202%,1529,,,
53,Elena,0.199%,1507,,,
54,Naomi,0.196%,1477,,,
55,Maya,0.195%,1473,,,
56,Natalie,0.189%,1425,,,
57,Kinsley,0.187%,1416,,,
58,Delilah,0.186%,1408,,,
59,Claire,0.185%,1397,,,
60,Audrey,0.184%,1389,,,
61,Aaliyah,0.182%,1377,,,
62,Ruby,0.179%,1351,,,
63,Brooklyn,0.175%,1321,,,
64,Alice,0.173%,1307,,,
65,Aubrey,0.170%,1282,,,
66,Autumn,0.170%,1281,,,
67,Leilani,0.164%,1242,,,
68,Savannah,0.161%,1216,,,
69,Valentina,0.161%,1213,,,
70,Kennedy,0.157%,1190,,,
71,Madelyn,0.156%,1179,,,
72,Josephine,0.156%,1177,,,
73,Bella,0.155%,1174,,,
74,Skylar,0.150%,1133,,,
75,Genesis,0.149%,1122,,,
76,Sophie,0.148%,1116,,,
77,Hailey,0.147%,1112,,,
78,Sadie,0.147%,1107,,,
79,Natalia,0.146%,1104,,,
80,Quinn,0.146%,1101,,,
81,Caroline,0.142%,1070,,,
82,Allison,0.141%,1066,,,
83,Gabriella,0.141%,1063,,,
84,Anna,0.141%,1062,,,
85,Serenity,0.140%,1057,,,
86,Nevaeh,0.139%,1049,,,
87,Cora,0.138%,1043,,,
88,Ariana,0.136%,1029,,,
89,Emery,0.134%,1009,,,
90,Lydia,0.133%,1001,,,
91,Jade,0.132%,997,,,
92,Sarah,0.131%,991,,,
93,Eva,0.129%,976,,,
94,Adeline,0.129%,976,,,
95,Madeline,0.129%,974,,,
96,Piper,0.129%,974,,,
97,Rylee,0.129%,972,,,
98,Athena,0.129%,972,,,
99,Peyton,0.128%,965,,,
100,Everleigh,0.127%,962,,,
101,Vivian,0.126%,953,,,
102,Clara,0.125%,943,,,
103,Raelynn,0.124%,940,,,
104,Liliana,0.124%,939,,,
105,Samantha,0.124%,936,,,
106,Maria,0.124%,935,,,
107,Iris,0.123%,928,,,
108,Ayla,0.123%,927,,,
109,Eloise,0.122%,925,,,
110,Lyla,0.122%,925,,,
111,Eliza,0.120%,910,,,
112,Hadley,0.120%,910,,,
113,Melody,0.119%,902,,,
114,Julia,0.118%,891,,,
115,Parker,0.117%,884,,,
116,Rose,0.117%,883,,,
117,Isabelle,0.115%,870,,,
118,Brielle,0.115%,867,,,
119,Adalynn,0.113%,855,,,
120,Arya,0.113%,852,,,
121,Eden,0.112%,848,,,
122,Remi,0.111%,841,,,
123,Mackenzie,0.111%,836,,,
124,Maeve,0.110%,834,,,
125,Margaret,0.110%,830,,,
126,Reagan,0.110%,827,,,
127,Charlie,0.109%,823,,,
128,Alaia,0.108%,817,,,
129,Melanie,0.108%,817,,,
130,Josie,0.107%,808,,,
131,Elliana,0.106%,801,,,
132,Cecilia,0.106%,799,,,
133,Mary,0.106%,799,,,
134,Daisy,0.105%,790,,,
135,Alina,0.104%,787,,,
136,Lucia,0.104%,783,,,
137,Ximena,0.104%,783,,,
138,Juniper,0.103%,780,,,
139,Kaylee,0.103%,779,,,
140,Magnolia,0.102%,774,,,
141,Summer,0.102%,767,,,
142,Adalyn,0.101%,766,,,
143,Sloane,0.101%,765,,,
144,Amara,0.100%,752,,,
145,Arianna,0.099%,752,,,
146,Isabel,0.099%,749,,,
147,Reese,0.099%,747,,,
148,Emersyn,0.097%,737,,,
149,Sienna,0.096%,724,,,
150,Kehlani,0.095%,719,,,
151,River,0.095%,717,,,
152,Freya,0.095%,716,,,
153,Valerie,0.094%,709,,,
154,Blakely,0.094%,708,,,
155,Genevieve,0.093%,703,,,
156,Esther,0.092%,697,,,
157,Valeria,0.092%,695,,,
158,Katherine,0.092%,691,,,
159,Kylie,0.091%,691,,,
160,Norah,0.091%,688,,,
161,Amaya,0.091%,686,,,
162,Bailey,0.091%,685,,,
163,Ember,0.091%,685,,,
164,Ryleigh,0.090%,680,,,
165,Georgia,0.090%,679,,,
166,Catalina,0.090%,679,,,
167,Emerson,0.089%,676,,,
168,Alexandra,0.089%,671,,,
169,Faith,0.089%,671,,,
170,Jasmine,0.089%,671,,,
171,Ariella,0.088%,664,,,
172,Ashley,0.088%,664,,,
173,Andrea,0.087%,660,,,
174,Millie,0.087%,656,,,
175,//,0.086%,651,,,
176,Khloe,0.086%,650,,,
177,Callie,0.086%,650,,,
178,Juliette,0.086%,650,,,
179,Sage,0.086%,647,,,
180,Ada,0.085%,645,,,
181,Anastasia,0.085%,645,,,
182,Olive,0.085%,644,,,
183,Alani,0.085%,639,,,
184,Brianna,0.084%,633,,,
185,Rosalie,0.082%,623,,,
186,Molly,0.082%,623,,,
187,Brynlee,0.082%,621,,,
188,Amy,0.082%,620,,,
189,Ruth,0.082%,617,,,
190,Aubree,0.081%,613,,,
191,Gemma,0.081%,612,,,
192,Taylor,0.081%,609,,,
193,Oakley,0.080%,608,,,
194,Margot,0.080%,605,,,
195,Arabella,0.080%,604,,,
196,Sara,0.080%,603,,,
197,Journee,0.079%,599,,,
198,Harmony,0.079%,596,,,
199,Blake,0.078%,593,,,
200,Alaina,0.078%,592,,,
201,Aspen,0.078%,588,,,
202,Noelle,0.078%,587,,,
203,Selena,0.078%,586,,,
204,Oaklynn,0.077%,585,,,
205,Morgan,0.077%,583,,,
206,Londyn,0.077%,581,,,
207,Zuri,0.077%,581,,,
208,Aliyah,0.077%,579,,,
209,Jordyn,0.077%,579,,,
210,Juliana,0.076%,575,,,
211,Finley,0.076%,575,,,
212,Presley,0.076%,573,,,
213,Zara,0.076%,572,,,
214,Leila,0.076%,572,,,
215,Marley,0.075%,569,,,
216,Sawyer,0.075%,569,,,
217,Amira,0.075%,567,,,
218,Lilly,0.075%,567,,,
219,London,0.075%,566,,,
220,Kimberly,0.075%,564,,,
221,Elsie,0.075%,563,,,
222,Ariel,0.074%,563,,,
223,Lila,0.074%,557,,,
224,Alana,0.074%,557,,,
225,Diana,0.074%,557,,,
226,Kamila,0.074%,556,,,
227,Nyla,0.073%,554,,,
228,Vera,0.073%,553,,,
229,Hope,0.073%,552,,,
230,Annie,0.073%,551,,,
231,Kaia,0.073%,550,,,
232,Myla,0.073%,550,,,
233,Alyssa,0.072%,546,,,
234,Angela,0.072%,545,,,
235,Ana,0.072%,545,,,
236,Lennon,0.072%,542,,,
237,Evangeline,0.072%,541,,,
238,Harlow,0.071%,540,,,
239,Rachel,0.071%,539,,,
240,Gracie,0.071%,538,,,
241,Rowan,0.071%,534,,,
242,Laila,0.070%,531,,,
243,Elise,0.070%,530,,,
244,Sutton,0.070%,530,,,
245,Lilah,0.070%,527,,,
246,Adelyn,0.069%,521,,,
247,Phoebe,0.069%,519,,,
248,Octavia,0.069%,518,,,
249,Sydney,0.068%,515,,,
250,Mariana,0.068%,513,,,
251,Wren,0.068%,511,,,
252,Lainey,0.068%,511,,,
253,Vanessa,0.067%,507,,,
254,Teagan,0.067%,505,,,
255,Kayla,0.067%,505,,,
256,Malia,0.067%,504,,,
257,Elaina,0.067%,503,,,
258,Saylor,0.066%,502,,,
259,Brooke,0.066%,499,,,
260,Lola,0.065%,495,,,
261,Miriam,0.065%,494,,,
262,Alayna,0.065%,494,,,
263,Adelaide,0.065%,491,,,
264,Daniela,0.065%,491,,,
265,Jane,0.065%,490,,,
266,Payton,0.065%,490,,,
267,Journey,0.064%,487,,,
268,Lilith,0.064%,487,,,
269,Delaney,0.064%,483,,,
270,Dakota,0.064%,480,,,
271,Mya,0.063%,475,,,
272,Charlee,0.063%,475,,,
273,Alivia,0.063%,474,,,
274,Annabelle,0.062%,472,,,
275,Kailani,0.062%,472,,,
276,Lucille,0.062%,471,,,
277,Trinity,0.062%,470,,,
278,Gia,0.062%,469,,,
279,Tatum,0.062%,469,,,
280,Raegan,0.062%,468,,,
281,Camille,0.062%,467,,,
282,Kaylani,0.062%,466,,,
283,Kali,0.061%,464,,,
284,Stevie,0.061%,462,,,
285,Maggie,0.061%,459,,,
286,Haven,0.060%,456,,,
287,Tessa,0.060%,456,,,
288,Daphne,0.060%,456,,,
289,Adaline,0.060%,452,,,
290,Hayden,0.059%,449,,,
291,Joanna,0.059%,449,,,
292,Jocelyn,0.059%,448,,,
293,Lena,0.059%,446,,,
294,Evie,0.059%,445,,,
295,Juliet,0.059%,445,,,
296,Fiona,0.059%,445,,,
297,Cataleya,0.059%,444,,,
298,Angelina,0.059%,443,,,
299,Leia,0.059%,443,,,
300,Paige,0.058%,441,,,
301,Julianna,0.058%,440,,,
302,Milani,0.058%,438,,,
303,Talia,0.058%,438,,,
304,Rebecca,0.058%,438,,,
305,Kendall,0.058%,434,,,
306,Harley,0.057%,432,,,
307,Lia,0.057%,432,,,
308,Phoenix,0.057%,431,,,
309,Dahlia,0.057%,431,,,
310,Logan,0.057%,431,,,
311,Camilla,0.057%,430,,,
312,Thea,0.057%,429,,,
313,Jayla,0.057%,428,,,
314,Brooklynn,0.056%,424,,,
315,Blair,0.056%,423,,,
316,Vivienne,0.055%,417,,,
317,Hallie,0.055%,416,,,
318,Madilyn,0.055%,412,,,
319,Mckenna,0.054%,411,,,
320,Evelynn,0.054%,411,,,
321,Ophelia,0.054%,410,,,
322,Celeste,0.054%,410,,,
323,Alayah,0.054%,407,,,
324,Winter,0.054%,405,,,
325,Catherine,0.054%,405,,,
326,Collins,0.053%,402,,,
327,Nina,0.053%,398,,,
328,Briella,0.053%,397,,,
329,Palmer,0.053%,397,,,
330,Noa,0.053%,397,,,
331,Mckenzie,0.052%,394,,,
332,Kiara,0.052%,392,,,
333,Amari,0.052%,392,,,
334,Adriana,0.052%,391,,,
335,Gracelynn,0.052%,390,,,
336,Lauren,0.052%,390,,,
337,Cali,0.051%,389,,,
338,Kalani,0.051%,388,,,
339,Aniyah,0.051%,387,,,
340,Nicole,0.051%,386,,,
341,Alexis,0.051%,385,,,
342,Mariah,0.051%,384,,,
343,Gabriela,0.051%,384,,,
344,Wynter,0.051%,384,,,
345,Amina,0.051%,382,,,
346,Ariyah,0.050%,380,,,
347,Adelynn,0.050%,380,,,
348,Remington,0.050%,380,,,
349,Reign,0.050%,379,,,
350,Alaya,0.050%,379,,,
351,Dream,0.050%,377,,,
352,Alexandria,0.050%,376,,,
353,Willa,0.050%,375,,,
354,Avianna,0.050%,375,,,
355,Makayla,0.049%,374,,,
356,Gracelyn,0.049%,373,,,
357,Elle,0.049%,372,,,
358,Amiyah,0.049%,371,,,
359,Arielle,0.049%,370,,,
360,Elianna,0.049%,369,,,
361,Giselle,0.049%,369,,,
362,Brynn,0.049%,367,,,
363,Ainsley,0.048%,366,,,
364,Aitana,0.048%,365,,,
365,Charli,0.048%,365,,,
366,Demi,0.048%,364,,,
367,Makenna,0.048%,361,,,
368,Rosemary,0.048%,360,,,
369,Danna,0.047%,358,,,
370,Izabella,0.047%,357,,,
371,Lilliana,0.047%,357,,,
372,Melissa,0.047%,356,,,
373,Samara,0.047%,356,,,
374,Lana,0.047%,356,,,
375,Mabel,0.047%,355,,,
376,Everlee,0.047%,354,,,
377,Fatima,0.047%,354,,,
378,Leighton,0.047%,354,,,
379,Esme,0.047%,353,,,
380,Raelyn,0.047%,352,,,
381,Madeleine,0.047%,352,,,
382,Nayeli,0.047%,352,,,
383,Camryn,0.047%,352,,,
384,Kira,0.047%,351,,,
385,Annalise,0.046%,351,,,
386,Selah,0.046%,349,,,
387,Serena,0.046%,348,,,
388,Royalty,0.046%,348,,,
389,Rylie,0.046%,348,,,
390,Celine,0.046%,347,,,
391,Laura,0.046%,347,,,
392,Brinley,0.046%,345,,,
393,Frances,0.046%,344,,,
394,Michelle,0.045%,343,,,
395,Heidi,0.045%,342,,,
396,Rory,0.045%,341,,,
397,Sabrina,0.045%,341,,,
398,Destiny,0.045%,340,,,
399,Gwendolyn,0.045%,340,,,
400,Alessandra,0.045%,338,,,
401,Poppy,0.045%,337,,,
402,Amora,0.045%,337,,,
403,Nylah,0.044%,336,,,
404,Luciana,0.044%,336,,,
405,Maisie,0.044%,335,,,
406,Miracle,0.044%,334,,,
407,Joy,0.044%,334,,,
408,Liana,0.044%,333,,,
409,Raven,0.044%,333,,,
410,Shiloh,0.044%,332,,,
411,Allie,0.044%,332,,,
412,Daleyza,0.044%,332,,,
413,Kate,0.044%,332,,,
414,Lyric,0.044%,332,,,
415,Alicia,0.044%,332,,,
416,Lexi,0.044%,331,,,
417,Addilyn,0.044%,330,,,
418,Anaya,0.044%,329,,,
419,Malani,0.044%,329,,,
420,Paislee,0.043%,329,,,
421,Elisa,0.043%,327,,,
422,Kayleigh,0.043%,326,,,
423,Azalea,0.043%,326,,,
424,Francesca,0.043%,326,,,
425,Jordan,0.043%,325,,,
426,Regina,0.043%,323,,,
427,Viviana,0.043%,323,,,
428,Aylin,0.043%,322,,,
429,Skye,0.043%,322,,,
430,Daniella,0.042%,319,,,
431,Makenzie,0.042%,319,,,
432,Veronica,0.042%,318,,,
433,Legacy,0.042%,318,,,
434,Maia,0.042%,318,,,
435,Ariah,0.042%,318,,,
436,Alessia,0.042%,317,,,
437,Carmen,0.042%,317,,,
438,Astrid,0.042%,317,,,
439,Maren,0.042%,316,,,
440,Helen,0.042%,316,,,
441,Felicity,0.042%,315,,,
442,Alexa,0.042%,315,,,
443,Danielle,0.042%,314,,,
444,Lorelei,0.041%,313,,,
445,Paris,0.041%,313,,,
446,Adelina,0.041%,313,,,
447,Bianca,0.041%,313,,,
448,Gabrielle,0.041%,312,,,
449,Jazlyn,0.041%,312,,,
450,Scarlet,0.041%,310,,,
451,Bristol,0.041%,310,,,
452,Navy,0.041%,309,,,
453,Esmeralda,0.041%,308,,,
454,Colette,0.041%,307,,,
455,Stephanie,0.041%,307,,,
456,Jolene,0.041%,306,,,
457,Marlee,0.040%,306,,,
458,Sarai,0.040%,306,,,
459,Hattie,0.040%,304,,,
460,Nadia,0.040%,304,,,
461,Rosie,0.040%,304,,,
462,Kamryn,0.040%,304,,,
463,Kenzie,0.040%,304,,,
464,Alora,0.040%,302,,,
465,Holly,0.040%,302,,,
466,Matilda,0.040%,301,,,
467,Sylvia,0.040%,301,,,
468,Cameron,0.040%,301,,,
469,Armani,0.040%,299,,,
470,Emelia,0.039%,298,,,
471,Keira,0.039%,298,,,
472,Braelynn,0.039%,297,,,
473,Jacqueline,0.039%,297,,,
474,Alison,0.039%,297,,,
475,Amanda,0.039%,297,,,
476,Cassidy,0.039%,296,,,
477,Emory,0.039%,296,,,
478,Ari,0.039%,296,,,
479,Haisley,0.039%,296,,,
480,Jimena,0.039%,295,,,
481,Jessica,0.039%,295,,,
482,Elaine,0.039%,294,,,
483,Dorothy,0.039%,294,,,
484,Mira,0.039%,294,,,
485,Eve,0.038%,291,,,
486,Oaklee,0.038%,290,,,
487,Averie,0.038%,289,,,
488,Charleigh,0.038%,289,,,
489,Lyra,0.038%,288,,,
490,Madelynn,0.038%,288,,,
491,Angel,0.038%,288,,,
492,Edith,0.038%,288,,,
493,Jennifer,0.038%,288,,,
494,Raya,0.038%,287,,,
495,Ryan,0.038%,287,,,
496,Heaven,0.038%,286,,,
497,Kyla,0.038%,285,,,
498,Wrenley,0.038%,285,,,
499,Meadow,0.038%,285,,,
500,Carter,0.038%,284,,,
501,Kora,0.037%,283,,,
502,Saige,0.037%,283,,,
503,Kinley,0.037%,282,,,
504,Maci,0.037%,282,,,
505,Mae,0.037%,282,,,
506,Salem,0.037%,281,,,
507,Aisha,0.037%,280,,,
508,Adley,0.037%,280,,,
509,Carolina,0.037%,280,,,
510,Sierra,0.037%,280,,,
511,Alma,0.037%,280,,,
512,Helena,0.037%,279,,,
513,Bonnie,0.037%,277,,,
514,Mylah,0.037%,276,,,
515,Briar,0.036%,276,,,
516,Aurelia,0.036%,276,,,
517,Leona,0.036%,275,,,
518,Macie,0.036%,274,,,
519,Maddison,0.036%,273,,,
520,//,0.036%,273,,,
521,Aviana,0.036%,273,,,
522,Lorelai,0.036%,272,,,
523,Alondra,0.036%,272,,,
524,Kennedi,0.036%,272,,,
525,Monroe,0.036%,271,,,
526,Emely,0.036%,271,,,
527,Maliyah,0.036%,271,,,
528,Ailani,0.036%,271,,,
529,Madilynn,0.036%,270,,,
530,Renata,0.036%,270,,,
531,Katie,0.036%,270,,,
532,Zariah,0.036%,270,,,
533,Imani,0.036%,269,,,
534,Amber,0.036%,269,,,
535,Analia,0.035%,268,,,
536,Ariya,0.035%,267,,,
537,Anya,0.035%,264,,,
538,Emberly,0.035%,264,,,
539,Emmy,0.035%,262,,,
540,Mara,0.035%,262,,,
541,Maryam,0.035%,261,,,
542,Dior,0.035%,261,,,
543,Mckinley,0.035%,261,,,
544,Virginia,0.035%,261,,,
545,Amalia,0.035%,261,,,
546,Mallory,0.034%,260,,,
547,Opal,0.034%,260,,,
548,Shelby,0.034%,259,,,
549,Clementine,0.034%,259,,,
550,Remy,0.034%,258,,,
551,Xiomara,0.034%,258,,,
552,Elliott,0.034%,258,,,
553,Elora,0.034%,258,,,
554,Katalina,0.034%,258,,,
555,Antonella,0.034%,257,,,
556,Skyler,0.034%,257,,,
557,Hanna,0.034%,256,,,
558,Kaliyah,0.034%,255,,,
559,Alanna,0.034%,254,,,
560,Haley,0.034%,254,,,
561,Itzel,0.034%,254,,,
562,Cecelia,0.034%,254,,,
563,Jayleen,0.033%,253,,,
564,Kensley,0.033%,252,,,
565,Beatrice,0.033%,252,,,
566,Journi,0.033%,251,,,
567,Dylan,0.033%,251,,,
568,Ivory,0.033%,251,,,
569,Yaretzi,0.033%,249,,,
570,Meredith,0.033%,248,,,
571,Sasha,0.033%,248,,,
572,Gloria,0.033%,247,,,
573,Oaklyn,0.033%,247,,,
574,Sloan,0.033%,247,,,
575,Abby,0.033%,246,,,
576,Davina,0.033%,246,,,
577,Lylah,0.032%,245,,,
578,Erin,0.032%,244,,,
579,Reyna,0.032%,244,,,
580,Kaitlyn,0.032%,244,,,
581,Michaela,0.032%,244,,,
582,Nia,0.032%,244,,,
583,Fernanda,0.032%,243,,,
584,Jaliyah,0.032%,243,,,
585,Jenna,0.032%,242,,,
586,Sylvie,0.032%,242,,,
587,Miranda,0.032%,242,,,
588,Anne,0.032%,242,,,
589,Mina,0.032%,242,,,
590,Myra,0.032%,242,,,
591,Aleena,0.032%,241,,,
592,Alia,0.032%,241,,,
593,Frankie,0.032%,241,,,
594,Ellis,0.032%,241,,,
595,Kathryn,0.032%,240,,,
596,Nalani,0.032%,240,,,
597,Nola,0.032%,240,,,
598,Jemma,0.032%,239,,,
599,Lennox,0.032%,239,,,
600,Marie,0.032%,239,,,
601,Angelica,0.032%,239,,,
602,Cassandra,0.032%,238,,,
603,Calliope,0.032%,238,,,
604,Adrianna,0.032%,238,,,
605,Ivanna,0.032%,238,,,
606,Zelda,0.031%,237,,,
607,Faye,0.031%,237,,,
608,Karsyn,0.031%,237,,,
609,Oakleigh,0.031%,237,,,
610,Dayana,0.031%,236,,,
611,Amirah,0.031%,235,,,
612,Megan,0.031%,235,,,
613,Siena,0.031%,234,,,
614,Reina,0.031%,234,,,
615,Rhea,0.031%,234,,,
616,Julieta,0.031%,234,,,
617,Malaysia,0.031%,234,,,
618,Henley,0.031%,234,,,
619,Liberty,0.031%,233,,,
620,Leslie,0.031%,233,,,
621,Alejandra,0.031%,232,,,
622,Kelsey,0.031%,231,,,
623,Charley,0.031%,230,,,
624,Capri,0.030%,230,,,
625,Priscilla,0.030%,230,,,
626,Zariyah,0.030%,230,,,
627,Savanna,0.030%,229,,,
628,Emerie,0.030%,229,,,
629,Christina,0.030%,228,,,
630,Skyla,0.030%,228,,,
631,Macy,0.030%,228,,,
632,Mariam,0.030%,228,,,
633,Melina,0.030%,228,,,
634,Chelsea,0.030%,228,,,
635,Dallas,0.030%,227,,,
636,Laurel,0.030%,226,,,
637,Briana,0.030%,226,,,
638,Holland,0.030%,226,,,
639,Lilian,0.030%,226,,,
640,Amaia,0.030%,225,,,
641,Blaire,0.030%,225,,,
642,Margo,0.030%,225,,,
643,Louise,0.030%,224,,,
644,Rosalia,0.030%,224,,,
645,Aleah,0.030%,223,,,
646,Bethany,0.030%,223,,,
647,Flora,0.030%,223,,,
648,Kylee,0.029%,223,,,
649,Kendra,0.029%,222,,,
650,Sunny,0.029%,222,,,
651,Laney,0.029%,222,,,
652,Tiana,0.029%,222,,,
653,Chaya,0.029%,221,,,
654,Ellianna,0.029%,221,,,
655,Milan,0.029%,221,,,
656,Aliana,0.029%,221,,,
657,Estella,0.029%,221,,,
658,Julie,0.029%,220,,,
659,Yara,0.029%,220,,,
660,Rosa,0.029%,220,,,
661,Cheyenne,0.029%,220,,,
662,Emmie,0.029%,219,,,
663,Carly,0.029%,219,,,
664,Janelle,0.029%,218,,,
665,Kyra,0.029%,218,,,
666,Naya,0.029%,217,,,
667,Malaya,0.029%,217,,,
668,Sevyn,0.029%,216,,,
669,Lina,0.029%,216,,,
670,Mikayla,0.029%,216,,,
671,Jayda,0.029%,215,,,
672,Leyla,0.029%,215,,,
673,Eileen,0.028%,215,,,
674,Irene,0.028%,215,,,
675,Karina,0.028%,215,,,
676,Aileen,0.028%,215,,,
677,Aliza,0.028%,215,,,
678,Kataleya,0.028%,214,,,
679,Kori,0.028%,214,,,
680,Indie,0.028%,214,,,
681,Lara,0.028%,214,,,
682,Romina,0.028%,214,,,
683,Jada,0.028%,214,,,
684,Kimber,0.028%,213,,,
685,Amani,0.028%,213,,,
686,Liv,0.028%,213,,,
687,Treasure,0.028%,212,,,
688,Louisa,0.028%,212,,,
689,Marleigh,0.028%,212,,,
690,Winnie,0.028%,211,,,
691,Kassidy,0.028%,211,,,
692,Noah,0.028%,211,,,
693,Monica,0.028%,211,,,
694,Keilani,0.028%,211,,,
695,Zahra,0.028%,210,,,
696,Zaylee,0.028%,210,,,
697,Hadassah,0.028%,209,,,
698,Jamie,0.028%,209,,,
699,Allyson,0.028%,209,,,
700,Anahi,0.028%,209,,,
701,Maxine,0.028%,209,,,
702,Karla,0.028%,209,,,
703,Khaleesi,0.028%,208,,,
704,Johanna,0.028%,208,,,
705,Penny,0.028%,208,,,
706,Hayley,0.027%,208,,,
707,Marilyn,0.027%,208,,,
708,Della,0.027%,207,,,
709,Freyja,0.027%,207,,,
710,Jazmin,0.027%,207,,,
711,Kenna,0.027%,207,,,
712,Ashlyn,0.027%,207,,,
713,Florence,0.027%,206,,,
714,Ezra,0.027%,206,,,
715,Melany,0.027%,206,,,
716,Murphy,0.027%,206,,,
717,Sky,0.027%,206,,,
718,Marina,0.027%,205,,,
719,Noemi,0.027%,205,,,
720,Coraline,0.027%,205,,,
721,Selene,0.027%,204,,,
722,Bridget,0.027%,204,,,
723,Alaiya,0.027%,204,,,
724,Angie,0.027%,204,,,
725,Fallon,0.027%,204,,,
726,Thalia,0.027%,204,,,
727,Rayna,0.027%,203,,,
728,Martha,0.027%,203,,,
729,Halle,0.027%,203,,,
730,Estrella,0.027%,203,,,
731,Joelle,0.027%,202,,,
732,Kinslee,0.027%,202,,,
733,Roselyn,0.027%,202,,,
734,Theodora,0.027%,201,,,
735,Jolie,0.027%,201,,,
736,Dani,0.027%,201,,,
737,Elodie,0.027%,201,,,
738,Halo,0.027%,200,,,
739,Nala,0.026%,200,,,
740,Promise,0.026%,200,,,
741,Justice,0.026%,200,,,
742,Nellie,0.026%,200,,,
743,Novah,0.026%,200,,,
744,Estelle,0.026%,198,,,
745,Jenesis,0.026%,197,,,
746,Miley,0.026%,197,,,
747,Hadlee,0.026%,197,,,
748,Janiyah,0.026%,197,,,
749,Waverly,0.026%,196,,,
750,Braelyn,0.026%,196,,,
751,Pearl,0.026%,196,,,
752,Aila,0.026%,196,,,
753,Katelyn,0.026%,196,,,
754,Sariyah,0.026%,195,,,
755,Azariah,0.026%,194,,,
756,Bexley,0.026%,193,,,
757,Giana,0.026%,193,,,
758,Lea,0.026%,193,,,
759,Cadence,0.025%,193,,,
760,Mavis,0.025%,192,,,
761,Ila,0.025%,192,,,
762,Rivka,0.025%,192,,,
763,Jovie,0.025%,191,,,
764,Yareli,0.025%,191,,,
765,Bellamy,0.025%,190,,,
766,Kamiyah,0.025%,190,,,
767,Kara,0.025%,190,,,
768,Baylee,0.025%,190,,,
769,Jianna,0.025%,190,,,
770,Kai,0.025%,190,,,
771,Alena,0.025%,189,,,
772,Novalee,0.025%,189,,,
773,Elliot,0.025%,189,,,
774,Livia,0.025%,188,,,
775,Ashlynn,0.025%,188,,,
776,Denver,0.025%,188,,,
777,Emmalyn,0.025%,188,,,
778,Persephone,0.025%,188,,,
779,Marceline,0.025%,188,,,
780,Jazmine,0.025%,187,,,
781,Kiana,0.025%,187,,,
782,Mikaela,0.025%,187,,,
783,Aliya,0.025%,187,,,
784,Galilea,0.025%,186,,,
785,Harlee,0.025%,186,,,
786,Jaylah,0.025%,186,,,
787,Lillie,0.025%,186,,,
788,Mercy,0.025%,186,,,
789,Ensley,0.025%,186,,,
790,Bria,0.025%,185,,,
791,Kallie,0.024%,185,,,
792,Celia,0.024%,185,,,
793,Berkley,0.024%,185,,,
794,Ramona,0.024%,184,,,
795,Jaylani,0.024%,184,,,
796,Jessie,0.024%,184,,,
797,Aubrie,0.024%,184,,,
798,Madisyn,0.024%,183,,,
799,Paulina,0.024%,183,,,
800,Averi,0.024%,183,,,
801,Aya,0.024%,183,,,
802,Chana,0.024%,183,,,
803,Milana,0.024%,183,,,
804,Cleo,0.024%,183,,,
805,Iyla,0.024%,183,,,
806,Cynthia,0.024%,182,,,
807,Hana,0.024%,182,,,
808,Lacey,0.024%,182,,,
809,Andi,0.024%,181,,,
810,Giuliana,0.024%,181,,,
811,Milena,0.024%,181,,,
812,Leilany,0.024%,181,,,
813,Saoirse,0.024%,180,,,
814,Adele,0.024%,180,,,
815,Drew,0.024%,180,,,
816,Bailee,0.024%,180,,,
817,Hunter,0.024%,180,,,
818,Rayne,0.024%,180,,,
819,Anais,0.024%,180,,,
820,Kamari,0.024%,179,,,
821,Paula,0.024%,178,,,
822,Rosalee,0.024%,178,,,
823,Teresa,0.023%,177,,,
824,Zora,0.023%,177,,,
825,Avah,0.023%,177,,,
826,Belen,0.023%,177,,,
827,Greta,0.023%,177,,,
828,Layne,0.023%,177,,,
829,Scout,0.023%,177,,,
830,Zaniyah,0.023%,177,,,
831,Amelie,0.023%,176,,,
832,Dulce,0.023%,176,,,
833,Chanel,0.023%,175,,,
834,Clare,0.023%,175,,,
835,Rebekah,0.023%,175,,,
836,Giovanna,0.023%,175,,,
837,Ellison,0.023%,175,,,
838,Isabela,0.023%,174,,,
839,Kaydence,0.023%,174,,,
840,Rosalyn,0.023%,174,,,
841,Royal,0.023%,174,,,
842,Alianna,0.023%,174,,,
843,//3,0.023%,174,,,
844,Nyra,0.023%,174,,,
845,Vienna,0.023%,173,,,
846,Amoura,0.023%,173,,,
847,Anika,0.023%,173,,,
848,Harmoni,0.023%,172,,,
849,Kelly,0.023%,172,,,
850,Linda,0.023%,172,,,
851,Aubriella,0.023%,172,,,
852,Kairi,0.023%,171,,,
853,Ryann,0.023%,171,,,
854,Avayah,0.023%,171,,,
855,Gwen,0.023%,171,,,
856,Whitley,0.023%,171,,,
857,Noor,0.023%,171,,,
858,Khalani,0.023%,171,,,
859,Marianna,0.023%,171,,,
860,Addyson,0.023%,170,,,
861,Annika,0.023%,170,,,
862,Karter,0.023%,170,,,
863,Vada,0.023%,170,,,
864,Tiffany,0.022%,170,,,
865,Artemis,0.022%,169,,,
866,Clover,0.022%,169,,,
867,Laylah,0.022%,169,,,
868,Paisleigh,0.022%,169,,,
869,Elyse,0.022%,169,,,
870,Kaisley,0.022%,169,,,
871,Veda,0.022%,169,,,
872,Zendaya,0.022%,168,,,
873,Simone,0.022%,168,,,
874,Alexia,0.022%,168,,,
875,Alisson,0.022%,168,,,
876,Angelique,0.022%,168,,,
877,Ocean,0.022%,168,,,
878,Elia,0.022%,168,,,
879,Lilianna,0.022%,168,,,
880,Maleah,0.022%,168,,,
881,Avalynn,0.022%,168,,,
882,Marisol,0.022%,167,,,
883,Goldie,0.022%,167,,,
884,Malayah,0.022%,167,,,
885,Emmeline,0.022%,167,,,
886,Paloma,0.022%,166,,,
887,Raina,0.022%,166,,,
888,Brynleigh,0.022%,166,,,
889,Chandler,0.022%,166,,,
890,Valery,0.022%,166,,,
891,Adalee,0.022%,165,,,
892,Tinsley,0.022%,165,,,
893,Violeta,0.022%,165,,,
894,Baylor,0.022%,164,,,
895,Lauryn,0.022%,164,,,
896,Marlowe,0.022%,164,,,
897,Birdie,0.022%,164,,,
898,Jaycee,0.022%,163,,,
899,Lexie,0.022%,163,,,
900,Loretta,0.022%,163,,,
901,Lilyana,0.022%,163,,,
902,Princess,0.021%,162,,,
903,Shay,0.021%,162,,,
904,Hadleigh,0.021%,162,,,
905,Natasha,0.021%,162,,,
906,Indigo,0.021%,162,,,
907,Zaria,0.021%,162,,,
908,Addisyn,0.021%,161,,,
909,Deborah,0.021%,161,,,
910,Leanna,0.021%,161,,,
911,Barbara,0.021%,161,,,
912,Kimora,0.021%,161,,,
913,Emerald,0.021%,161,,,
914,Raquel,0.021%,161,,,
915,Julissa,0.021%,161,,,
916,Robin,0.021%,160,,,
917,Austyn,0.021%,160,,,
918,Dalia,0.021%,160,,,
919,Nyomi,0.021%,160,,,
920,Ellen,0.021%,160,,,
921,Kynlee,0.021%,160,,,
922,Salma,0.021%,160,,,
923,Luella,0.021%,160,,,
924,Zayla,0.021%,159,,,
925,Addilynn,0.021%,159,,,
926,Giavanna,0.021%,159,,,
927,Samira,0.021%,159,,,
928,Amaris,0.021%,159,,,
929,Madalyn,0.021%,159,,,
930,Scarlette,0.021%,159,,,
931,Stormi,0.021%,158,,,
932,Etta,0.021%,158,,,
933,Ayleen,0.021%,157,,,
934,Brittany,0.021%,157,,,
935,Brylee,0.021%,157,,,
936,Araceli,0.021%,157,,,
937,Egypt,0.021%,157,,,
938,Iliana,0.021%,157,,,
939,Paityn,0.021%,157,,,
940,Zainab,0.021%,156,,,
941,Billie,0.021%,156,,,
942,Haylee,0.021%,156,,,
943,India,0.021%,156,,,
944,Kaiya,0.021%,156,,,
945,Nancy,0.021%,156,,,
946,Clarissa,0.021%,156,,,
947,Mazikeen,0.021%,155,,,
948,Taytum,0.021%,155,,,
949,Aubrielle,0.021%,155,,,
950,Rylan,0.021%,155,,,
951,Ainhoa,0.020%,155,,,
952,Aspyn,0.020%,155,,,
953,Elina,0.020%,154,,,
954,Elsa,0.020%,154,,,
955,Magdalena,0.020%,154,,,
956,Kailey,0.020%,154,,,
957,Arleth,0.020%,154,,,
958,Joyce,0.020%,154,,,
959,Judith,0.020%,154,,,
960,Crystal,0.020%,154,,,
961,Emberlynn,0.020%,153,,,
962,Landry,0.020%,153,,,
963,Paola,0.020%,153,,,
964,Braylee,0.020%,153,,,
965,Guinevere,0.020%,153,,,
966,Aarna,0.020%,153,,,
967,Aiyana,0.020%,153,,,
968,Kahlani,0.020%,153,,,
969,Lyanna,0.020%,152,,,
970,Sariah,0.020%,152,,,
971,Itzayana,0.020%,152,,,
972,Aniya,0.020%,152,,,
973,Frida,0.020%,152,,,
974,Jaylene,0.020%,151,,,
975,Kiera,0.020%,151,,,
976,Loyalty,0.020%,151,,,
977,Azaria,0.020%,151,,,
978,Jaylee,0.020%,151,,,
979,Kamilah,0.020%,151,,,
980,Keyla,0.020%,150,,,
981,Kyleigh,0.020%,150,,,
982,Micah,0.020%,150,,,
983,Nataly,0.020%,150,,,
984,Kathleen,0.020%,150,,,
985,Zoya,0.020%,150,,,
986,Meghan,0.020%,150,,,
987,Soraya,0.020%,150,,,
988,Zoie,0.020%,149,,,
989,Arlette,0.020%,149,,,
990,Zola,0.020%,149,,,
991,Luisa,0.020%,149,,,
992,Vida,0.020%,149,,,
993,Ryder,0.020%,149,,,
994,Tatiana,0.020%,149,,,
995,Tori,0.020%,149,,,
996,Aarya,0.020%,148,,,
997,Eleanora,0.020%,148,,,
998,Sandra,0.020%,148,,,
999,Soleil,0.020%,148,,,
1000,Annabella,0.020%,148,,,